Courants,Mots clés ,,,,
Thérapie de soutien ,Accompagner ,Annonce d'une maladie grave ,Expression des émotions douloureuses,Connaissance de soi ,harcèlement
Thérapie de soutien ,Aider,Traumatisme ,Stratégies d'ajustement ,Parler ,Soutien 
Thérapie de soutien ,Faire face,Deuil ,Espoir ,Equilibre existentiel ,Viol 
Thérapie de soutien ,Situation difficile ,Séparation ,Estime de soi ,Cancer,Accident
Thérapie de soutien ,Situation stressante ,Divorce ,Réassurer ,Deuil ,Sevrage
Thérapie de soutien ,,Anxiété réactionnelle ,Encourager,Choc ,Transfert
Thérapie de soutien ,,Stress,Valoriser,Solitude ,Aggression  
Thérapie de soutien ,,Rupture ,Conseiller,Être seul ,
Thérapie de soutien ,,,,Maladie ,
Thérapie de soutien ,,,,Maladie grave ,
Thérapie de soutien ,,,,Traitements lourds ,
Thérapie de soutien ,,,,Situation de crise ,
Thérapie de soutien ,,,,Trouble du sommeil  ,
Thérapie de soutien ,,,,Détresse ,
Thérapie de soutien ,,,,Perte d'envie de vivre ,
Thérapie de soutien ,,,,Tentative de suicide ,
Thérapie cognitivo-comportementale,Active,Comportements inadaptés,Difficultés actuelles ,Prise de recul ,Dépendance affective 
Thérapie cognitivo-comportementale,Collaborative ,Comportements dysfonctionnels ,Mécanismes à la source des problèmes,Modifier les comportements ,Introversion 
Thérapie cognitivo-comportementale,Pensées,Comportements invalidants ,Schémas de pensées invalidants ,Modifier les pensées ,Habiletés émotionnelles 
Thérapie cognitivo-comportementale,Emotions ,Anxiété,Pensées dysfonctionnelles ,Expression des émotions ,Hypersensorialité
Thérapie cognitivo-comportementale,Comportements ,Angoisse,Pensées intrusives ,Communication ,Somatisation 
Thérapie cognitivo-comportementale,Problèmes actuels ,Colère ,Fausses croyances ,Relation sociale ,Image de soi 
Thérapie cognitivo-comportementale,Pensée ,Inhibition ,Remédier aux difficultés ,Habiletés sociales ,Fatigue
Thérapie cognitivo-comportementale,Emotion ,Dépression ,Réadapter les comportements ,Affirmation de soi ,Anxiété sociale 
Thérapie cognitivo-comportementale,Comportement,Phobie ,Modifier les comportements ,Attachement ,identité 
Thérapie cognitivo-comportementale,,Obsession ,Modifier les pensées ,Aggression ,Genre 
Thérapie cognitivo-comportementale,,Troubles obsessionnels compulsifs ,Modifier les schémas de pensées,,Alexythimie 
Thérapie cognitivo-comportementale,,Addiction ,Gestion des émotions ,Crise d'angoisse,épuisement
Thérapie cognitivo-comportementale,,Troubles du comportement alimentaire ,Estime de soi ,Vaginisme,burn out 
Thérapie cognitivo-comportementale,,Gestion des émotions ,Efficacité personnelle ,Adaptation ,surmenage 
Thérapie cognitivo-comportementale,,Stress ,Compétences ,Changement ,drogue 
Thérapie cognitivo-comportementale,,Trouble du spectre autistique ,Courte ,,Peur 
Thérapie cognitivo-comportementale,,Autisme ,Brève ,,attachement 
Thérapie cognitivo-comportementale,,Estime de soi ,Rumination ,,Traumatisme 
Thérapie cognitivo-comportementale,,Confiance en soi ,Culpabilité ,,Panique 
Thérapie cognitivo-comportementale,,Connaissance de soi ,Blâme ,,Accident 
Thérapie cognitivo-comportementale,,Troubles du sommeil ,Complexe ,,Sevrage
Thérapie cognitivo-comportementale,,Douleurs chroniques,Dysmorphophobie ,,Hypersensibilité 
Thérapie cognitivo-comportementale,,Tristesse,lâcher prise ,,Risque
Thérapie systémique ,Famille ,Enfant ,Addiction ,Acceptation ,
Thérapie systémique ,Couple ,Adolescent ,Comportement alimentaire ,Valeurs ,
Thérapie systémique ,Relationnel ,Parent ,Provocation ,Problèmes relationnels ,
Thérapie systémique ,Relation ,Conjoint ,Opposition ,Conflits ,
Thérapie systémique ,,Conjointe ,Attention ,Violences ,
Thérapie systémique ,,Compagnon ,Hyperactivité ,Abus ,
Thérapie systémique ,,Compagne ,Trouble du spectre autistique ,,
Thérapie systémique ,,Adolescence,Autisme,Relations toxiques ,
Thérapie systémique ,,Enfance ,Anxiété,,
Thérapie systémique ,,Grand parent ,Sexualité ,,
Thérapie systémique ,,,Libido ,,
Thérapie systémique ,,,Communication ,,
Psychanalyse,Refoulés ,Eléments du passé ,Connaissance de soi ,Dépendance affective ,
Psychanalyse,Histoire personnelle ,Se désengager ,Parole ,Transfert,
Psychanalyse,Inconscients ,Connaissance de soi ,Expression ,,
Psychanalyse,Enfance ,Equilibre existentiel ,Histoire personnelle ,,
Psychanalyse,Passé ,,Existence ,,
Psychanalyse,Déni ,,Comprendre ,,
Thérapie comportementale  ,Apprentissage ,Modifier les comportements ,,,
Thérapie comportementale  ,Trouble du spectre autistique,Comportements adaptés,,,
Thérapie comportementale  ,Autisme,Guidance parentale ,,,
Thérapie comportementale  ,Déficit intellectuel ,,,,
Thérapie comportementale  ,Retard mental ,,,,
Thérapie comportementale  ,Handicap mental ,,,,
Thérapie comportementale  ,Troubles du comportements ,,,,
Thérapie comportementale  ,Comportements inadaptés ,,,,
Thérapie comportementale  ,Impulsivité ,,,,
Approche centrée sur la personne ,Bien-être,Libérer son potentiel ,Qui je suis ,Dépendance affective ,
Approche centrée sur la personne ,Crise existentielle ,Acceptation ,Qui suis je ,Hypersensibilité ,
Approche centrée sur la personne ,Sens de l'existence ,Existence ,Mon dans but dans la vie ,Lâcher prise ,
Approche centrée sur la personne ,Estime de soi ,Autodétermination ,Sens de la vie ,,
Approche centrée sur la personne ,Confiance en soi ,Affirmation de soi ,S'accepter ,,
Approche centrée sur la personne ,Développement personnel ,Introspection ,Se respecter ,,
Approche centrée sur la personne ,,,Acceptation de soi ,,
Approche centrée sur la personne ,,,,,
Thérapie de la Gestalt,Changement ,Dépression ,Equilibre ,Relation sociale ,Lâcher prise 
Thérapie de la Gestalt,,Crise existentielle ,Autonomie ,S'adapter ,
Thérapie de la Gestalt,,Rupture ,Blocages ,Adaptation ,
Thérapie de la Gestalt,,Séparation ,Répétition ,Expression des émotions ,
Thérapie de la Gestalt,,Addiction ,Cycle ,Gestion des émotions ,
Thérapie de la Gestalt,,Troubles alimentaires ,,Prise de décision ,
Thérapies existentielles,Aspirations ,Crise existentielle ,Donner du sens ,Frustration existentielle ,identité
Thérapies existentielles,Engagement ,,Sens ,Raison de vivre ,
Thérapies existentielles,,,Existence ,S'engager ,
Thérapies existentielles,,,,Engagement ,
Thérapie psychocorporelle,Corps ,Douleurs ,Relaxation ,,
Thérapie psychocorporelle,Sensations ,Anxiété,Art thérapie ,,
Thérapie psychocorporelle,Pensées ,Dépression ,Hypersensibilité ,,
Thérapie psychocorporelle,Emotions ,Confiance en soi ,Art ,,
Thérapie psychocorporelle,Instant présent ,Estime de soi ,Créativité ,,
Thérapie psychocorporelle,,Expression de soi ,,,
Thérapie psychocorporelle,,Maladie ,,,
Sexothérapie ,Couple ,Sexualité ,Identité ,,
Sexothérapie ,,Libido ,Genre ,,
Sexothérapie ,,Désirs sexuels , ,,
Sexothérapie ,,Désir ,,,
Sexothérapie ,,Erotisme ,,,
Neuropsychologie ,Autisme ,Haut potentiel ,Hyperactivité,,
Neuropsychologie ,Troubles cognitifs ,Habiletés sociales ,,,
Neuropsychologie ,Mémoire ,Hypersensorialité,,,
Neuropsychologie ,Attention ,Troubles neurologiques,,,
Neuropsychologie ,Concentration ,Evaluation intellectuelle ,,,
Neuropsychologie ,Troubles mnésiques ,Bilan cognitif ,,,
Neuropsychologie ,Evaluation cognitive ,Bilan intellectuel ,,,
Psychiatrie ,Autisme ,Risque ,,,
Psychiatrie ,Trouble du spectre autistique ,Troubles neurologiques,,,
Psychiatrie ,Bipolairté ,Hallucinations ,,,
Psychiatrie ,Dépression ,Crise d'angoisse ,,,
Psychiatrie ,Suicide ,,,,
Psychiatrie ,Psychiatrie ,,,,
Psychiatrie ,Alexythimie ,,,,
Psychiatrie ,Trouble de la personnalité ,,,,
Psychiatrie ,Drogue ,,,,
Psychiatrie ,Angoisse,,,,
Psychiatrie ,Traumatisme ,,,,
Psychiatrie ,alimentaire ,,,,
Psychiatrie ,Panique ,,,,
Psychiatrie ,Sevrage ,,,,
Psychiatrie ,Transfert,,,,
